{
    "id": "tablerules",
    "title": "ep2e - Tablerules",
    "description": "Simple module to add and configure table rules and compendia for our games.",
    "authors": [
        {
            "name": "Umbratica"
        },
        {
            "name": "Tak"
        },
        {
            "name": "PhDave"
        }
    ],
    "version": "0.0.13",
    "compatibility":{
        "minimum": "11",
        "verified": "11.315"
    },
    "scripts":[
        "scripts/ep2e-tr.js"
    ],
    "packs":[
        {
            "name": "tablerules-items",
            "label": "TR Items",
            "path": "packs/items",
            "type": "Item",
            "system": "eclipsephase",
            "flags":{}
        },
        {
            "name": "tablerules-macros-gm",
            "label": "TR Macros GM",
            "path": "packs/macros_gm",
            "type": "Macro",
            "system": "eclipsephase",
            "flags":{}
        },
        {
            "name": "tablerules-macros-players",
            "label": "TR Macros Players",
            "path": "packs/macros_players",
            "type": "Macro",
            "system": "eclipsephase",
            "flags":{}
        },
        {
            "name": "tablerules-tablerules",
            "label": "Table Rules",
            "path": "packs/tablerules",
            "type": "JournalEntry",
            "system": "eclipsephase",
            "flags":{}
        },
        {
            "name": "tablerules-book",
            "label": "Eclipse Phase 2e",
            "path": "packs/book",
            "type": "JournalEntry",
            "system": "eclipsephase",
            "flags":{}
        },
        {
            "name": "tablerules-qaa",
            "label": "Questions & Answers",
            "path": "packs/qaa",
            "type": "JournalEntry",
            "system": "eclipsephase",
            "flags":{}
        },
        {
            "name": "tablerules-manuals",
            "label": "Manuals",
            "path": "packs/manuals",
            "type": "JournalEntry",
            "system": "eclipsephase",
            "flags":{}
        }
    ],
    "packFolders": [
        {
          "name": "Tablerules",
          "sorting": "a",
          "color": "#ff0000",
          "packs": [
            "tablerules-items",
            "tablerules-macros-gm",
            "tablerules-macros-players",
            "tablerules-tablerules",
            "tablerules-book",
            "tablerules-qaa",
            "tablerules-manuals"
            ],
          "folders": [
          ]
        }
      ],
    "url": "https://github.com/itteerde/ep2eFVTT/",
    "manifest": "https://raw.githubusercontent.com/itteerde/ep2eFVTT/main/ep2e-tr/module.json",
    "download": "https://github.com/itteerde/ep2eFVTT/releases/download/v0.0.1/ep2e-tr.zip",
    "relationships":{
        "systems": [
            {
                "id": "eclipsephase",
                "type": "system",
                "compatibility": {
                    "minimum": "0.9.8",
                    "verified": "0.9.8"
                },
                "manifest": "https://github.com/DerDiemen/eclipsephase2e-foundryVTT/raw/v0.9.8/system.json"
            }

        ],
        "requires": [
        ]
    }
}